Wall time,Step,Value
1729454865.1508367,97300,457.0
1729454894.2068186,104500,432.0
1729454901.078165,106000,426.0
1729454987.368062,126600,377.0
1729455005.1995432,131100,371.0
1729455026.8608193,135700,362.0
1729455068.2328377,145900,350.0
1729455132.624514,160500,334.0
1729455227.646966,182700,317.0
1729455231.9987454,183800,317.0
1729455273.2526908,193300,311.0
1729455295.0871801,198500,308.0
1729455335.7844794,207200,303.0
1729455401.1825354,221800,296.0
1729455418.146108,225900,295.0
1729455435.2467752,229500,293.0
1729455441.9778945,231100,292.0
1729455460.830829,234900,290.0
1729455468.5361779,236600,289.0
1729455637.0663686,274100,278.0
1729455645.3880498,276100,278.0
1729455866.5540118,323700,266.0
1729455869.0944986,324200,266.0
1729455877.2989662,326300,266.0
1729455895.0846968,330400,265.0
1729455929.8548257,337800,264.0
1729455980.7190688,348500,262.0
1729455985.8936775,349400,262.0
1729455992.5605636,350900,261.0
1729455996.8637505,351800,261.0
1729456022.0850744,356900,260.0
1729456181.7989538,388400,253.0
1729456195.8805404,390600,253.0
1729456218.9252453,394600,251.0
1729456274.3162613,404200,249.0
1729456286.9067183,406600,248.0
1729456337.1844382,415700,246.0
1729456457.2027996,436700,241.0
1729456476.4435527,440100,241.0
1729456484.4170961,441700,241.0
1729456505.7685788,445500,240.0
1729456514.0091958,446900,240.0
1729456515.962024,447200,239.0
1729456620.4156697,464900,236.0
1729456659.7758102,471600,234.0
1729456722.7765627,482400,232.0
1729456772.3440702,491000,231.0
1729456778.4549775,492200,231.0
1729456813.05355,498200,230.0
1729456819.3277295,499300,230.0
1729456839.2121603,502800,229.0
1729456899.5276065,512900,228.0
1729457039.5184174,536500,224.0
1729457191.3239877,563300,221.0
1729457335.8410711,589100,219.0
1729457360.8354113,593700,219.0
1729457391.3729222,598800,218.0
1729457398.104595,600100,218.0
1729457434.4816854,606300,217.0
1729457452.473837,609600,217.0
1729457493.9654016,616300,216.0
1729457545.704827,625500,216.0
1729457674.2997105,646800,214.0
1729457774.0835388,663300,212.0
1729457794.8742561,666700,212.0
1729457802.574559,668000,212.0
1729457862.9740362,678200,211.0
1729457871.740536,679800,211.0
1729457904.0228076,685400,210.0
1729457953.6521366,693900,210.0
1729458002.8384395,702600,209.0
1729458033.9419034,708000,209.0
1729458065.7654116,713500,209.0
1729458085.8682766,717000,208.0
1729458197.7852414,737000,207.0
1729458296.6520755,753100,206.0
1729458308.3051789,755100,206.0
1729458368.3707871,765100,205.0
1729458410.3481665,772000,205.0
1729458453.7448115,779200,204.0
1729458491.3560207,785500,204.0
1729458614.6246305,805400,203.0
1729458726.5210352,823700,202.0
1729458743.6076624,826500,202.0
1729458795.857855,834400,201.0
1729458858.6284478,844500,200.0
1729458909.998071,853100,200.0
1729458928.5613708,855700,200.0
1729458951.346304,859500,199.0
1729459071.782732,878700,198.0
1729459157.5296552,892300,198.0
1729459267.2231002,909200,197.0
1729459427.7348444,934900,195.0
1729459431.318096,935500,195.0
1729459470.83692,941900,195.0
1729459496.1631014,946000,195.0
1729459516.4875586,949500,195.0
1729459535.5605307,952500,195.0
1729459551.1973646,955300,195.0
1729459564.5593417,957700,194.0
1729459565.8226526,957900,194.0
1729459591.2030048,962400,194.0
1729459596.374405,963400,194.0
1729459620.4808066,967800,194.0
1729459722.715855,985900,194.0
1729459777.1446536,995300,194.0
1729459833.7210536,1005300,194.0
1729459856.5076652,1009200,193.0
1729459879.368217,1012800,193.0
1729459897.997345,1016000,193.0
1729460016.459513,1034800,192.0
1729460116.2091804,1051300,192.0
1729460141.560114,1055400,192.0
1729460142.2222462,1055500,192.0
1729460195.59325,1063800,191.0
1729460213.838524,1066800,191.0
1729460231.1498265,1069500,191.0
1729460244.751898,1071800,191.0
1729460265.0274122,1075000,191.0
1729460279.7411792,1077400,191.0
1729460282.9656906,1078000,191.0
1729460336.8645227,1086400,191.0
1729460353.6057167,1089100,191.0
1729460372.835603,1092200,190.0
1729460417.5247037,1099200,190.0
1729460511.4117153,1114300,190.0
1729460542.5048115,1119600,190.0
1729460576.0110874,1124600,189.0
1729460584.7556188,1125900,189.0
1729460613.1061418,1130200,189.0
1729460624.2789915,1131900,189.0
1729460652.6841788,1136200,189.0
1729460707.104884,1144400,189.0
1729460708.4065454,1144600,189.0
1729460749.2477417,1150800,188.0
1729460760.3128293,1152500,188.0
1729460910.946968,1182400,188.0
1729460947.2713392,1189500,188.0
1729460962.399109,1191900,188.0
1729461016.016342,1201900,188.0
1729461073.638797,1213200,188.0
1729461112.48011,1219500,188.0
1729461398.3474424,1262000,187.0
1729461430.4395854,1266800,186.0
1729461537.8607278,1282800,186.0
1729461570.6222193,1287700,186.0
1729461731.498469,1311700,185.0
1729461756.492152,1315500,185.0
1729461785.914906,1319900,185.0
1729461787.248196,1320100,185.0
1729461838.3088129,1327700,184.0
1729461992.7931583,1350900,184.0
1729462108.174431,1370200,183.0
1729462110.212379,1370600,183.0
1729462129.767866,1374500,183.0
1729462312.1242619,1410500,184.0
1729462354.4999394,1418900,184.0
1729462369.597225,1421900,184.0
1729462422.2212634,1432300,184.0
1729462436.344048,1435100,184.0
1729462473.2156715,1442400,184.0
1729462482.7567956,1444300,184.0
1729462485.2660952,1444800,184.0
1729462562.183243,1460300,184.0
1729462586.0770442,1465000,184.0
1729462647.9876764,1477200,184.0
1729462652.5624828,1478100,184.0
1729462686.0472925,1484700,184.0
1729462757.6757123,1498900,184.0
1729462766.817347,1500700,184.0
1729462799.29905,1506600,184.0
1729462844.0160255,1515500,185.0
1729462847.5325575,1516200,185.0
1729462980.3529644,1542400,185.0
1729462993.644779,1544600,185.0
1729463044.9645076,1554600,185.0
1729463098.2867823,1565200,185.0
1729463104.8479936,1566500,185.0
1729463186.063041,1582000,185.0
1729463209.0160456,1586600,185.0
1729463211.4856634,1587100,185.0
1729463238.5444758,1592500,185.0
1729463272.4684262,1598600,185.0
1729463367.3251483,1617200,185.0
1729463488.4436924,1641100,185.0
1729463502.4172385,1643900,185.0
1729463807.773771,1704200,186.0
1729463884.2637498,1719300,186.0
1729464112.8708248,1763500,186.0
1729464129.1289978,1766700,186.0
1729464137.3892782,1768100,186.0
1729464139.2095518,1768400,186.0
1729464152.2772398,1770800,186.0
1729464172.5744572,1774800,186.0
1729464259.827118,1792100,186.0
1729464263.7957826,1792800,186.0
1729464335.2242808,1806400,186.0
1729464404.1661305,1819500,186.0
1729464492.7119029,1836400,186.0
1729464523.6956022,1843300,186.0
1729464555.1195123,1849800,186.0
1729464574.224818,1853200,186.0
1729464713.2817795,1880600,186.0
1729464773.2013261,1892200,186.0
1729464778.0585418,1893000,186.0
1729464780.3445556,1893400,186.0
1729464782.3334267,1893800,186.0
1729464927.6000965,1920600,186.0
1729464969.1912692,1928200,186.0
1729465123.1504188,1956000,186.0
1729465126.1310027,1956600,186.0
1729465134.8432744,1958100,186.0
1729465143.5512002,1959600,186.0
1729465203.275217,1970500,186.0
1729465314.6845195,1991000,186.0
1729465316.745685,1991400,186.0
1729465369.9965594,2001000,186.0
1729465430.2666717,2012000,186.0
1729465459.8218975,2017800,186.0
1729465528.0854282,2030200,186.0
1729465554.1849048,2034700,186.0
1729465595.1846297,2041800,186.0
1729465715.3188787,2064200,186.0
1729465759.8423567,2072300,186.0
1729465802.2195387,2080000,186.0
1729466106.5668554,2129400,185.0
1729466158.2436843,2137900,185.0
1729466184.041586,2141900,185.0
1729466201.3847287,2144700,185.0
1729466213.6565783,2146700,185.0
1729466270.0557747,2156100,185.0
1729466318.9610245,2164200,185.0
1729466399.8655536,2176900,185.0
1729466406.3465223,2178000,185.0
1729466418.3586187,2180100,185.0
1729466440.5640574,2183700,185.0
1729466449.7014904,2185300,185.0
1729466498.207113,2193000,185.0
1729466582.276626,2206800,184.0
1729466609.7457502,2211200,184.0
1729466832.957063,2247700,184.0
1729467069.6296172,2286400,184.0
1729467129.6518593,2296300,184.0
1729467218.418483,2310800,183.0
1729467258.0145013,2318100,183.0
1729467429.2959225,2350300,183.0
1729467461.1950347,2355700,183.0
1729467660.3683188,2387200,183.0
1729467680.843759,2390700,183.0
1729467817.8728116,2413100,183.0
1729467866.6074777,2420700,183.0
1729467867.1201856,2420800,183.0
1729467925.0908277,2430100,183.0
1729467981.534437,2439000,182.0
1729468477.0259433,2517900,182.0
1729468533.8164167,2527000,182.0
1729468536.5736263,2527400,182.0
1729468548.6386862,2529300,182.0
1729468679.4061208,2550500,181.0
1729468688.871819,2551900,181.0
1729468712.7539945,2555900,181.0
1729468756.5361788,2562900,181.0
1729468766.2434337,2564400,181.0
1729468786.0627325,2567600,181.0
1729468791.255701,2568300,181.0
1729468824.2757683,2573900,181.0
1729468859.2305934,2579200,181.0
1729468896.2749763,2585400,181.0
1729468932.8135724,2591300,181.0
1729469016.6695201,2605000,181.0
1729469139.1388996,2624500,181.0
1729469267.0220013,2645000,180.0
1729469300.2429287,2650400,180.0
1729469308.9904387,2651600,180.0
1729469335.3593223,2655800,180.0
1729469434.64137,2671800,180.0
1729469442.0233965,2673000,180.0
1729469649.1703882,2706400,180.0
1729469672.9819098,2710400,180.0
1729469722.289783,2717800,180.0
1729469747.7821174,2722200,180.0
1729469886.0545049,2744700,180.0
1729469914.5245414,2749400,180.0
1729469991.7455308,2761700,180.0
1729470086.0547097,2777100,179.0
1729470113.1973276,2781500,179.0
1729470121.628251,2783000,179.0
1729470169.1016293,2790500,179.0
1729470295.5178008,2810900,179.0
1729470384.6663072,2825500,179.0
1729470425.7311451,2832200,179.0
1729470491.367948,2842700,179.0
1729470508.0606697,2845200,179.0
1729470594.9129622,2859300,179.0
1729470621.8692608,2863400,179.0
1729470659.343402,2869500,179.0
1729470729.397266,2880700,179.0
1729470752.958806,2884600,179.0
1729470787.2876277,2890300,179.0
1729471007.66208,2925300,178.0
1729471095.8658223,2941600,178.0
1729471191.7700248,2959500,178.0
1729471290.173948,2977300,178.0
1729471295.8902364,2978500,178.0
1729471443.3355114,3006000,179.0
1729471472.27394,3011100,179.0
1729471538.2761788,3023200,179.0
1729471570.7963874,3029100,179.0
1729471611.442338,3036600,179.0
1729471642.8693423,3042100,179.0
1729471651.4276366,3043700,179.0
1729471670.700535,3047200,179.0
1729471673.691462,3047800,179.0
1729471732.910569,3058500,179.0
1729471759.776809,3063200,179.0
1729471769.6872823,3064900,179.0
1729471785.4429872,3067500,179.0
1729471863.0317442,3077500,178.0
1729471918.0549903,3085600,178.0
1729471927.5593867,3086800,178.0
1729471936.1707659,3088100,178.0
1729472085.23555,3110100,178.0
1729472107.8014214,3113400,178.0
1729472357.003024,3150400,177.0
1729472487.2685995,3169300,177.0
1729472504.4339736,3172000,177.0
1729472533.6550012,3176000,177.0
1729472539.3417554,3176800,177.0
1729472565.902313,3180700,177.0
1729472731.1792102,3204500,177.0
1729472779.7857134,3211500,177.0
1729472821.6897428,3217700,177.0
1729472844.7424428,3221100,177.0
1729472975.0509655,3240800,176.0
1729473009.7523465,3246100,176.0
1729473167.7350998,3270300,176.0
1729473177.5993803,3271900,176.0
1729473201.0473197,3275400,176.0
1729473215.72032,3277700,176.0
1729473239.990172,3281500,176.0
1729473557.149562,3330800,176.0
1729473595.6407545,3337000,176.0
1729473752.9071221,3361200,175.0
1729473761.3041108,3362500,175.0
1729473762.0233626,3362600,175.0
1729473811.0237138,3370300,175.0
1729473882.2417982,3381300,175.0
1729474054.3505383,3408000,175.0
1729474138.1812818,3420900,175.0
1729474149.2575114,3422700,175.0
1729474326.2829394,3450200,175.0
1729474393.9588468,3460400,175.0
1729474433.1962755,3466500,175.0
1729474434.5236914,3466700,175.0
1729474447.6842568,3468700,175.0
1729474533.3879824,3482200,175.0
1729474588.727585,3490800,175.0
1729474823.400672,3526500,174.0
1729474846.0299816,3530000,174.0
1729474927.3178284,3542400,174.0
1729475130.9316435,3573200,174.0
1729475142.298244,3575000,174.0
1729475143.428566,3575200,174.0
1729475154.6928847,3576800,174.0
1729475267.1557367,3594100,174.0
1729475317.322451,3601800,174.0
1729475421.008045,3617800,174.0
1729475476.841777,3626500,174.0
1729475485.0076678,3627800,174.0
1729475532.1295536,3635200,174.0
1729475551.498038,3638000,174.0
1729475588.906004,3643600,174.0
1729475634.5224307,3650500,173.0
1729475745.3228943,3667500,173.0
1729475769.8210993,3671400,173.0
1729475792.2117887,3674900,173.0
1729475830.89965,3680900,173.0
1729476152.3262627,3730200,173.0
1729476225.1183562,3741300,173.0
1729476236.7481153,3743200,173.0
1729476275.805738,3749500,173.0
1729476389.3756099,3768700,173.0
1729476390.5362446,3768900,173.0
1729476392.323536,3769200,173.0
1729476399.2940562,3770400,173.0
1729476407.2278416,3771800,173.0
1729476453.0599449,3779700,173.0
1729476495.6174247,3786600,173.0
1729476504.1313648,3788000,173.0
1729476526.6429389,3791700,173.0
1729476568.1420166,3798300,173.0
1729476761.5627263,3829900,173.0
1729476859.635009,3844800,173.0
1729476876.2754729,3847500,173.0
1729476924.278754,3855000,173.0
1729476962.216136,3860900,173.0
1729477049.4302826,3873800,172.0
1729477333.5610843,3918700,172.0
1729477334.1475904,3918800,172.0
1729477346.831521,3920900,172.0
1729477394.1437063,3928800,172.0
1729477414.7065654,3931900,172.0
1729477440.9808795,3936400,172.0
1729477596.151035,3960600,172.0
1729477617.1401844,3964000,172.0
1729477643.5096965,3968100,172.0
1729477654.1823351,3969900,172.0
1729477729.0530658,3982600,172.0
1729477864.120215,4003900,172.0
1729478010.7674942,4027800,172.0
1729478056.6060598,4035200,172.0
1729478078.22578,4038900,172.0
1729478148.4357061,4051300,172.0
1729478354.475019,4083100,172.0
1729478403.8755739,4091100,172.0
1729478444.1893175,4097500,172.0
1729478480.3721824,4103700,172.0
1729478488.5188222,4105000,172.0
1729478537.0600445,4112700,172.0
1729478540.166528,4113300,172.0
1729478594.2250838,4121700,172.0
1729478659.0986028,4132300,172.0
1729478670.4114623,4134100,172.0
1729478703.725554,4139400,172.0
1729478718.1126964,4141800,172.0
1729478830.0956805,4159400,172.0
1729478835.508445,4160200,172.0
1729478864.648841,4165000,172.0
1729478922.767209,4174300,171.0
1729478985.4514434,4184400,171.0
1729479002.501794,4187100,171.0
1729479004.9950054,4187400,171.0
1729479007.8263602,4187800,171.0
1729479139.927345,4209200,171.0
1729479192.318366,4217500,171.0
1729479252.8468525,4227400,171.0
1729479291.7410173,4233700,171.0
1729479294.7373023,4234200,171.0
1729479310.2832685,4236700,171.0
1729479441.4305964,4257300,171.0
1729479526.5527031,4271300,171.0
1729479560.8781722,4276900,171.0
1729479589.8329747,4281300,171.0
1729479655.4188204,4291900,171.0
1729479661.9181833,4292900,171.0
1729479663.7079937,4293200,171.0
1729479871.8827655,4326200,171.0
1729479918.7302263,4333600,171.0
1729480114.4767091,4365600,171.0
1729480144.3315964,4370100,171.0
1729480177.0203922,4375200,171.0
1729480295.6583126,4393900,171.0
1729480352.2795002,4403200,171.0
1729480392.1415138,4409700,171.0
1729480554.446383,4435500,171.0
1729480588.1182501,4441200,171.0
1729480694.3906305,4457800,171.0
1729480756.5965376,4468100,171.0
1729480990.8118942,4505600,171.0
1729481007.199755,4508400,171.0
1729481050.7171016,4515000,171.0
1729481058.6380873,4516400,171.0
1729481122.0600107,4526400,171.0
1729481136.641125,4528500,170.0
1729481160.9805522,4532300,170.0
1729481224.3627446,4542500,170.0
1729481279.890847,4551200,170.0
1729481287.5407515,4552500,170.0
1729481291.162535,4553100,170.0
1729481311.7588396,4556200,170.0
1729481442.7673783,4577700,170.0
1729481467.0160573,4581500,170.0
1729481486.437902,4584600,170.0
1729481696.9982467,4618600,170.0
1729481722.637698,4622800,170.0
1729481785.8392677,4633100,170.0
1729481811.3055286,4637200,170.0
1729481927.7999222,4655800,170.0
1729482243.7184057,4707500,170.0
1729482379.9784615,4729300,170.0
1729482387.2864554,4730500,170.0
1729482452.6957624,4741100,170.0
1729482523.0385072,4752300,170.0
1729482616.6426253,4767500,170.0
1729482626.263491,4769100,170.0
1729482638.2035263,4771100,170.0
1729482703.1243224,4781800,170.0
1729482721.7880569,4784700,170.0
1729482731.5783439,4786400,170.0
1729482733.791165,4786800,170.0
1729482743.3120496,4788400,170.0
1729482761.8003147,4791300,170.0
1729482791.2051291,4796000,170.0
1729482803.4540756,4797900,170.0
1729482881.2551982,4810500,170.0
1729482905.817799,4814900,170.0
1729482968.7669115,4826000,170.0
1729483032.6007671,4834700,170.0
1729483087.0702465,4841200,170.0
1729483097.8652053,4842600,170.0
1729483209.514369,4857800,170.0
1729483373.0087287,4880000,169.0
1729483515.7280502,4899000,169.0
1729483521.8037899,4899900,169.0
1729483558.228922,4904800,169.0
1729483657.970847,4918600,169.0
1729483747.2280862,4931100,169.0
1729483837.503557,4943600,169.0
1729483879.339342,4949700,169.0
1729483895.8704722,4951800,169.0
1729483991.5916324,4964400,169.0
1729484178.8583395,4989400,168.0
1729484229.0965517,4996600,168.0
1729484256.4531848,5000200,168.0
1729484303.5829442,5006900,168.0
1729484339.8937879,5011500,168.0
1729484466.4675863,5028400,168.0
1729484498.0274217,5032800,168.0
1729484619.4501853,5049200,168.0
1729484626.548165,5050300,168.0
1729484662.685024,5055300,168.0
1729484739.6594791,5065400,168.0
1729484747.1399276,5066500,168.0
1729484818.3688312,5076200,168.0
1729484829.0341678,5077600,168.0
1729484854.7838087,5081100,168.0
1729485034.4714231,5106200,168.0
1729485082.0580542,5112300,168.0
1729485215.34126,5130600,167.0
1729485281.3050034,5139900,167.0
1729485284.8511536,5140400,167.0
1729485311.9281447,5144000,167.0
1729485352.415348,5149800,167.0
1729485392.9924235,5155300,167.0
1729485400.5228796,5156200,167.0
1729485502.0804093,5170000,167.0
1729485652.2417564,5189500,167.0
1729485922.5271971,5226900,167.0
1729486164.5511005,5259800,166.0
1729486260.7138534,5273100,166.0
1729486265.2312317,5273700,166.0
1729486274.3556957,5275100,166.0
1729486290.3518622,5277200,166.0
1729486320.0754673,5281400,166.0
1729486479.7229893,5303000,166.0
1729486506.2715409,5306400,166.0
1729486569.5894275,5315300,166.0
1729486579.7246928,5316500,166.0
1729486605.286952,5320000,166.0
1729486704.1814125,5334000,166.0
1729486709.2291164,5334800,166.0
1729486776.8234565,5344200,166.0
1729486793.3663607,5346700,166.0
1729487012.459464,5376800,166.0
1729487094.3513782,5388300,166.0
1729487210.7319913,5405500,166.0
1729487443.6682918,5442400,165.0
1729487558.8266587,5461100,165.0
1729487666.6172326,5478300,165.0
1729487701.0908847,5484200,165.0
1729487766.0148444,5494800,165.0
1729487957.0802429,5525900,165.0
1729488038.4185574,5538900,165.0
1729488040.7617052,5539300,165.0
1729488048.885642,5540600,165.0
1729488150.8504255,5556700,165.0
1729488342.2136984,5586600,165.0
1729488350.2974749,5588000,165.0
1729488376.2498696,5592100,165.0
1729488396.0619824,5594900,165.0
1729488401.2375185,5595800,165.0
1729488468.135118,5606200,165.0
1729488535.1451683,5616800,165.0
1729488616.4729733,5630000,165.0
1729488671.4775782,5638400,165.0
1729488673.031687,5638700,165.0
1729488701.940973,5643000,165.0
1729488760.4932199,5651900,165.0
1729488857.6927884,5667100,165.0
1729488928.6361935,5678300,165.0
1729488947.5565557,5681200,165.0
1729489025.4311872,5693300,165.0
1729489049.0490367,5696900,165.0
1729489075.6928594,5701100,165.0
1729489125.5750177,5709200,165.0
1729489245.9101584,5727800,165.0
1729489249.0453541,5728200,165.0
1729489252.5988858,5728800,165.0
1729489445.0862856,5759200,165.0
1729489446.12063,5759400,165.0
1729489531.4029875,5773300,165.0
1729489550.0311756,5776000,165.0
1729489618.187005,5786700,165.0
1729489765.6110864,5810200,165.0
1729489835.1497476,5821300,165.0
1729489861.4887373,5825200,165.0
1729490076.9848766,5859300,165.0
1729490142.9565408,5869900,165.0
1729490172.3953521,5874500,165.0
1729490186.4870481,5876700,165.0
1729490193.0067208,5877900,165.0
1729490311.9322891,5897100,165.0
1729490435.370986,5916800,165.0
1729490453.4137514,5919800,165.0
1729490460.2338963,5920600,165.0
1729490485.503549,5924800,165.0
1729490589.6733842,5941600,165.0
1729490615.0507429,5945600,165.0
1729490660.8860397,5953100,165.0
1729490682.5959308,5956700,165.0
1729490745.6101801,5966600,165.0
1729490869.593059,5985800,165.0
1729491048.2623937,6014100,165.0
1729491138.5044441,6028600,165.0
1729491180.4712133,6035400,165.0
1729491440.7845302,6077300,165.0
1729491459.4875379,6080200,165.0
1729491572.8089,6098000,165.0
1729491633.8640223,6108100,165.0
1729491730.145656,6123200,165.0
1729492061.1051643,6175900,165.0
1729492196.8768063,6197900,165.0
1729492221.7912045,6202000,165.0
1729492328.5741827,6218700,165.0
1729492335.2401645,6219900,165.0
1729492499.2351282,6246100,165.0
1729492541.7789485,6252600,165.0
1729492551.914318,6254300,165.0
1729492652.1393845,6270500,165.0
1729492692.984052,6277000,165.0
1729492706.1466432,6279100,165.0
1729492741.3352041,6285300,165.0
1729492756.1451635,6288200,165.0
1729492938.628189,6314500,164.0
1729492968.3169696,6318700,164.0
1729493099.018588,6335900,164.0
1729493100.644656,6336100,164.0
1729493294.1505628,6362100,164.0
1729493402.979464,6376900,164.0
1729493477.108619,6387200,164.0
1729493535.1728816,6395100,164.0
1729493607.6265721,6404900,164.0
1729493839.388181,6436900,164.0
1729493876.0199504,6442300,164.0
1729493924.4495664,6448800,164.0
1729494081.860086,6470600,164.0
1729494214.6842878,6489200,164.0
1729494241.2242334,6492900,164.0
1729494511.8162153,6530000,163.0
1729494583.7579875,6539900,163.0
1729494604.8547833,6543000,163.0
1729494798.9520626,6569500,163.0
1729494824.0839753,6572900,163.0
1729495110.112187,6612600,163.0
1729495144.894943,6617300,163.0
1729495176.7436008,6621800,163.0
1729495198.3018036,6624600,163.0
1729495200.9180703,6624900,163.0
1729495284.33238,6635900,163.0
1729495375.6765397,6648500,163.0
1729495409.4203253,6652300,163.0
1729495429.124356,6655400,163.0
1729495483.226605,6664200,163.0
1729495493.0435138,6665900,163.0
1729495538.7799563,6673400,163.0
1729495553.0481765,6675700,163.0
1729495573.8674786,6678800,163.0
1729495651.9199996,6691400,163.0
1729495713.8556705,6701100,163.0
1729495726.3911629,6703100,163.0
1729495734.5891058,6704500,163.0
1729495764.103182,6709300,163.0
1729495900.2421865,6731000,163.0
1729495976.6915534,6743400,163.0
1729495987.464665,6745300,163.0
1729495994.5461733,6746500,163.0
1729496003.6462023,6748100,163.0
1729496014.865345,6749800,163.0
1729496042.822091,6754000,163.0
1729496044.4837737,6754300,163.0
1729496067.6879866,6758100,163.0
1729496255.1575024,6789100,163.0
1729496343.0495024,6803800,163.0
1729496370.1267598,6808200,163.0
1729496433.7673516,6818700,163.0
1729496508.3763466,6831200,163.0
1729496516.8876417,6832400,163.0
1729496698.1056504,6863500,163.0
1729496712.4455628,6866100,163.0
1729496736.6370623,6869900,163.0
1729496796.4357142,6879500,163.0
1729496839.4764562,6887000,163.0
1729496909.180521,6898900,163.0
1729496984.1370988,6911200,163.0
1729497017.1717865,6916900,163.0
1729497059.396215,6923900,163.0
1729497069.7376678,6925700,163.0
1729497145.5783904,6938800,163.0
1729497165.064742,6942000,163.0
1729497167.2348561,6942400,163.0
1729497189.8053336,6946500,163.0
1729497287.8848736,6962700,163.0
1729497294.9793098,6963800,163.0
1729497429.7136278,6986700,163.0
1729497432.1058364,6987200,163.0
1729497527.4064825,7003500,163.0
1729497588.053392,7013700,163.0
1729497638.67689,7022800,163.0
1729497657.0514078,7026100,163.0
1729497695.4185915,7033000,163.0
1729497768.9417164,7044100,163.0
1729497790.872427,7047600,163.0
1729497860.001448,7058600,163.0
1729497882.0591633,7062300,163.0
1729498106.4654772,7099600,163.0
1729498192.2839308,7114000,163.0
1729498204.1904502,7116100,163.0
1729498343.9831653,7138900,163.0
1729498346.472091,7139400,163.0
1729498372.6950405,7143800,163.0
1729498379.9596972,7145100,163.0
1729498436.4674907,7154200,163.0
1729498518.0338416,7167600,163.0
1729498565.670305,7175200,163.0
1729498571.6502223,7175900,163.0
1729498604.3683462,7181400,163.0
1729498646.833031,7188200,163.0
1729498693.9816086,7196000,163.0
1729498721.532734,7200700,163.0
1729498732.637959,7202400,163.0
1729498752.0136275,7205700,163.0
1729498811.7117765,7215700,163.0
1729499015.8237896,7249500,163.0
1729499061.9420722,7256900,163.0
1729499090.1007774,7261300,163.0
1729499102.1409178,7263400,163.0
1729499150.9796796,7271600,163.0
1729499158.0517888,7272400,163.0
1729499268.5231407,7290300,163.0
1729499380.5308442,7309000,163.0
1729499538.443065,7335100,163.0
1729499560.6740468,7338600,163.0
1729499582.5108118,7342100,163.0
1729499599.3284311,7344700,163.0
1729499886.506534,7392500,163.0
1729499935.818141,7400500,163.0
1729499958.946521,7404300,163.0
1729500087.4747722,7425400,163.0
1729500111.4398587,7429300,163.0
1729500152.9945323,7436600,163.0
1729500227.2943795,7448700,163.0
1729500319.9034865,7463900,163.0
1729500350.7929847,7468600,163.0
1729500367.6560502,7471600,163.0
1729500372.6916702,7472300,163.0
1729500384.0159395,7474400,163.0
1729500438.7584243,7483500,163.0
1729500440.3045413,7483700,163.0
1729500507.7966385,7495100,163.0
1729500535.0854592,7499300,163.0
1729500605.3117301,7510700,163.0
1729500669.443418,7521300,163.0
1729500712.6141925,7528300,163.0
1729500779.1671886,7539500,163.0
1729500849.8895144,7551900,163.0
1729500873.8665738,7555700,163.0
1729500931.1799405,7565800,163.0
1729501021.735764,7580600,163.0
1729501076.5261314,7589800,163.0
1729501084.3908927,7591100,163.0
1729501103.0665376,7594700,163.0
1729501125.8160932,7598500,163.0
1729501138.8604023,7600600,163.0
1729501230.0169494,7617000,163.0
1729501269.163606,7624300,163.0
1729501301.435855,7629800,163.0
1729501341.268857,7636600,163.0
1729501366.6734717,7641300,163.0
1729501408.879584,7648600,163.0
1729501559.6366725,7676100,163.0
1729501585.152824,7680600,163.0
1729501701.5063221,7701900,163.0
1729501701.9493365,7702000,163.0
1729501741.912515,7710700,163.0
1729501858.1452067,7728800,163.0
1729501883.925395,7733200,163.0
1729501909.7415624,7738800,163.0
1729502038.5378582,7759400,163.0
1729502119.0464811,7773800,163.0
1729502168.0359373,7781300,163.0
1729502181.1415322,7783300,163.0
1729502251.3387945,7794600,163.0
1729502466.937872,7830700,163.0
1729502498.467427,7835600,163.0
1729502500.388921,7835900,163.0
1729502533.45249,7841000,163.0
1729502650.5031316,7860700,163.0
1729502742.7392595,7875100,163.0
1729502792.4493833,7884000,163.0
1729502802.980624,7886100,163.0
1729502821.5114853,7889000,163.0
1729502857.2930815,7894500,163.0
1729502884.344727,7898700,163.0
1729502912.3685803,7903000,163.0
1729502939.9823327,7907600,163.0
1729502970.13258,7913000,163.0
1729502979.513972,7915000,163.0
1729502981.1266117,7915300,163.0
1729503025.9542332,7922400,163.0
1729503033.6354432,7923600,163.0
1729503086.6085029,7931800,163.0
1729503088.471113,7932100,163.0
1729503130.7956257,7939100,163.0
1729503155.8659043,7943900,163.0
1729503222.2579556,7954600,163.0
1729503228.6416361,7955600,163.0
1729503330.7403817,7973900,163.0
1729503410.135762,7986100,163.0
1729503461.6774461,7994900,163.0
1729503462.1114266,7995000,163.0
1729503474.6702151,7997900,163.0
1729503501.6552846,8003100,163.0
1729503697.0525749,8035500,163.0
1729503711.8697708,8037800,163.0
1729503882.3658383,8066600,163.0
1729503921.4551742,8072600,163.0
1729504114.0562809,8105000,163.0
1729504139.3885267,8109000,163.0
1729504248.4570208,8127400,163.0
1729504261.7880907,8129400,163.0
1729504295.016806,8134600,163.0
1729504656.1768184,8194300,163.0
1729504754.2629285,8211600,163.0
1729504760.6524675,8212600,163.0
1729504788.5032625,8216900,163.0
1729504789.1581817,8217000,163.0
1729504832.356216,8223800,163.0
1729504941.4066186,8241600,163.0
1729505009.2072973,8252200,163.0
1729505242.3181207,8291400,163.0
1729505328.342023,8305200,163.0
1729505456.2929788,8328300,163.0
1729505503.8751776,8335800,163.0
1729505579.3534017,8350900,163.0
1729505604.4511685,8354900,163.0
1729505723.7487214,8375100,163.0
1729505839.601178,8395100,164.0
1729505850.9806397,8397000,164.0
1729505855.1492593,8397700,164.0
1729505935.714574,8412500,164.0
1729506126.5244546,8445000,164.0
1729506216.2998614,8459600,164.0
1729506218.6537726,8460000,164.0
1729506274.0418468,8470500,164.0
1729506301.4781766,8474800,164.0
1729506316.1883824,8477100,164.0
1729506328.49156,8479000,164.0
1729506360.748659,8484000,164.0
1729506500.1135495,8508200,164.0
1729506567.4636986,8519500,164.0
1729506600.6202545,8526100,164.0
1729506701.9285867,8542600,164.0
1729506716.6233158,8545100,164.0
1729506811.830961,8562300,164.0
1729506817.9771485,8563300,164.0
1729506834.084055,8565900,164.0
1729506926.7202966,8583100,164.0
1729506987.0244834,8592800,164.0
1729507010.8386276,8596600,164.0
1729507031.8563147,8599800,164.0
1729507158.4244766,8622100,164.0
1729507176.0856824,8624900,164.0
1729507235.9277546,8634700,164.0
1729507256.8647156,8638400,164.0
1729507267.3594754,8640600,164.0
1729507309.5477395,8648500,164.0
1729507372.833897,8658500,164.0
1729507378.8821955,8659500,164.0
1729507416.8553612,8666100,164.0
1729507451.2364163,8674400,164.0
1729507611.7297845,8702300,164.0
1729507709.806844,8719700,164.0
1729507713.347379,8720300,164.0
1729507725.1198483,8722200,164.0
1729507817.7430205,8739300,164.0
1729507850.4152372,8744600,164.0
1729507858.26461,8745900,164.0
1729507893.802777,8751700,164.0
1729507976.5996385,8766800,164.0
1729507993.3688166,8769500,164.0
1729508021.540237,8774000,164.0
1729508103.1318011,8787700,164.0
1729508142.852532,8797100,164.0
1729508233.360652,8812200,164.0
1729508244.2923105,8814000,164.0
1729508376.0966072,8837600,164.0
1729508442.7404664,8848900,164.0
1729508488.767309,8859200,164.0
1729508489.9784164,8859400,164.0
1729508490.5716405,8859500,164.0
1729508560.407021,8871000,164.0
1729508566.4820302,8872000,164.0
1729508660.7423933,8889800,164.0
1729508737.640718,8902500,164.0
1729508789.3767354,8911400,164.0
1729508911.7556589,8933300,164.0
1729508926.1536062,8935800,164.0
1729509080.0881271,8963300,164.0
1729509382.4114215,9016300,164.0
1729509433.58904,9024700,164.0
1729509538.2025077,9044400,164.0
1729509604.428149,9055400,164.0
1729509765.2159154,9084500,164.0
1729509823.1047542,9094200,164.0
1729509839.5508487,9097300,164.0
1729509847.2939248,9099000,164.0
1729509883.2941117,9105400,164.0
1729510005.101931,9125900,164.0
1729510006.7726939,9126200,164.0
1729510069.96803,9137800,164.0
1729510074.2305028,9138500,164.0
1729510116.4119008,9145500,164.0
1729510196.3837795,9160700,164.0
1729510203.2821302,9162300,164.0
1729510250.2585094,9170100,164.0
1729510280.8516643,9175100,164.0
1729510306.469972,9179400,164.0
1729510311.7592444,9180200,164.0
1729510353.7661233,9188100,164.0
1729510532.344182,9222100,165.0
1729510579.0174708,9230700,165.0
1729510689.3719,9253800,165.0
1729510694.0011308,9254900,165.0
1729510744.1074753,9265100,165.0
1729510822.255918,9279400,165.0
1729510919.6053767,9298800,165.0
1729510948.6292825,9305400,165.0
1729510949.2270496,9305500,165.0
1729510952.4523187,9306000,165.0
1729510956.7580106,9306700,165.0
1729511029.5468552,9318700,165.0
1729511236.5006652,9355200,165.0
1729511251.2799294,9357700,165.0
1729511279.2426028,9362400,165.0
1729511407.6880217,9384200,165.0
1729511460.4511895,9393400,165.0
1729511583.1231189,9415600,165.0
1729511682.1539855,9432800,165.0
1729511789.9096081,9451600,165.0
1729511814.9496806,9456000,165.0
1729511819.5944016,9456800,165.0
1729511959.249536,9480600,165.0
1729511964.1351643,9481400,165.0
1729512053.7923088,9496600,165.0
1729512079.8782375,9501400,165.0
1729512172.1582997,9517500,165.0
1729512216.791151,9525200,165.0
1729512227.716324,9527200,165.0
1729512242.7504694,9530100,165.0
1729512320.872902,9543700,165.0
1729512365.7607617,9551800,165.0
1729512455.0989108,9567400,165.0
1729512522.3916106,9579100,165.0
1729512575.6257727,9588500,165.0
1729512663.7944803,9603800,165.0
1729512710.4926674,9612200,165.0
1729512742.3102741,9617700,165.0
1729512781.2266338,9624400,165.0
1729512920.575662,9648900,165.0
1729512943.9168034,9652900,165.0
1729512972.8961058,9657900,165.0
1729513005.4067416,9663700,165.0
1729513158.5857658,9690200,165.0
1729513184.0712411,9694900,165.0
1729513463.5191774,9743400,165.0
1729513603.4863195,9768400,165.0
1729513626.8908715,9772500,165.0
1729513678.3476665,9781500,165.0
1729513681.7105732,9782100,165.0
1729513937.5312388,9826500,165.0
1729514103.0710523,9855400,165.0
1729514134.6099663,9860800,165.0
1729514188.4973803,9870200,165.0
1729514260.5405693,9882600,165.0
1729514282.6947303,9886600,165.0
1729514317.6637256,9893000,165.0
1729514318.238955,9893100,165.0
1729514368.9879217,9901900,165.0
1729514395.672851,9906500,165.0
1729514430.2498083,9912600,165.0
1729514437.5407295,9913900,165.0
1729514535.7028432,9931100,165.0
1729514552.0887244,9934000,165.0
1729514612.2846746,9944600,165.0
1729514841.3353493,9985200,165.0
1729514851.8301592,9986900,165.0
1729514871.319096,9990300,165.0
1729514882.9734602,9992500,165.0
1729514899.8706992,9995400,165.0
1729514925.8417957,9999900,165.0
